T1043321	John	Gibson	(894) 280-4660	john.gibson@gmail.com	5730ec12ad69b442d69319417dce5869	True	13
T2832764	Austin	Quinn	(465) 953-0789	austin.quinn@gmail.com	179b9438e9c3c1e0f644fcbc4e7683cd	True	10
B3252880	Richard	Sanderson	(624) 279-7435	richard.sanderson@gmail.com	2bacc4be2647d0275d7fa5cae5438aa1	False	0
B1333872	Matt	Coleman	(957) 332-8815	matt.coleman@gmail.com	d6004174dd76cca295a279d68d18fdda	False	8
T1079911	Leonard	Bond	(987) 624-0657	leonard.bond@gmail.com	ec782c34e4103b729b4a9452d425efc5	True	8
T5331586	Rebecca	Coleman	(222) 372-1869	rebecca.coleman@gmail.com	0cbfd8295c322da55c0895c0a0d8f62a	True	29
B5148465	Lily	Baker	(768) 448-9726	lily.baker@gmail.com	74ce528934b25cc53c9dce4396e0f630	True	9
B4873471	Justin	Wallace	(938) 600-9516	justin.wallace@gmail.com	329dea3debf24a419bce912d61add9b1	False	8
T0033092	Andrea	Davidson	(779) 213-8730	andrea.davidson@gmail.com	a4d5f85f14259049b9208ceba036e9a6	False	15
T9480831	Vanessa	Miller	(762) 943-5697	vanessa.miller@gmail.com	6a5310602e3c5b60a9f6f12f0884f7ba	True	13
T7752047	Isaac	Vaughan	(430) 649-8905	isaac.vaughan@gmail.com	a25d3ec18c3ff00a57c337d7fd9ff09d	True	2
T6488771	Christian	Lambert	(420) 240-6714	christian.lambert@gmail.com	08b88f636a47f5669f110e5d976f2bc7	True	13
T7484677	Faith	Young	(946) 568-9699	faith.young@gmail.com	54608c1b0f6ef2848821854e07782287	False	17
T6158657	Madeleine	Buckland	(376) 781-8418	madeleine.buckland@gmail.com	a3e2b584f43e91aa05bf6af748feac9c	True	2
B4395339	Elizabeth	Sharp	(519) 817-9305	elizabeth.sharp@gmail.com	bee2abe2608bca8c25a5baa694a1d2c4	True	24
B7461200	Lauren	Poole	(811) 492-9711	lauren.poole@gmail.com	0d06f03cde6b64c2e40e54855372f0ee	True	15
T3950240	Stewart	Dowd	(380) 653-8711	stewart.dowd@gmail.com	9f2d09818e3fe9909f50ceb7e8d42917	True	13
B1528098	Andrew	Campbell	(477) 703-5707	andrew.campbell@gmail.com	85b72b8be226693598a0824bb36337ba	True	3
B2290147	Kimberly	Paterson	(698) 636-8035	kimberly.paterson@gmail.com	775edb75d67e9a1723706680144af4e3	False	19
T5523124	John	Randall	(381) 765-9978	john.randall@gmail.com	2fb34d305750dc805086d92eed6050bd	False	19
T8644925	Dominic	Fraser	(506) 585-6003	dominic.fraser@gmail.com	a306b4da4b61d89717716b257cd3826e	True	21
T8623924	Sean	Welch	(532) 746-0236	sean.welch@gmail.com	99b6accbeca48f81f38c1b3907a18178	True	15
T5188888	Alexander	Newman	(897) 440-8037	alexander.newman@gmail.com	96bd688897795376ba0086aedf809d1f	False	27
B4479627	Victor	Taylor	(709) 785-5008	victor.taylor@gmail.com	f26679745756c938942a2e9c5c37bb64	False	1
B7271551	Natalie	Walsh	(218) 240-6337	natalie.walsh@gmail.com	ef43a34d557013ecf17512e3796508cb	True	9
B5900109	Evan	Morgan	(498) 225-7495	evan.morgan@gmail.com	2e074e43ac2e9e80e2ed0ee7293b593c	True	6
B7974801	Stephen	Payne	(732) 971-7207	stephen.payne@gmail.com	010d8a3dab954377597c0ffcaee88eef	False	28
B9930972	Michael	Coleman	(946) 252-7173	michael.coleman@gmail.com	762e61a2c36de17335592b5311f57930	False	26
B5747338	Lillian	Hill	(311) 628-4839	lillian.hill@gmail.com	892dc87e28dba214c029a5f6bd165477	True	17
T7420549	Edward	Watson	(631) 784-6096	edward.watson@gmail.com	1dcd9d978264cccd7729882329ddec2a	False	19
B9087406	Christopher	Terry	(215) 427-9042	christopher.terry@gmail.com	330fa6c0e8affae03f76504f9e161631	True	0
B4408926	Robert	Dyer	(356) 259-7044	robert.dyer@gmail.com	cfa7f9c6f3edbc5a5604845016eba953	False	11
T5355609	Stephen	Black	(503) 915-0509	stephen.black@gmail.com	1c791e8b1516715b2a281f498f4954ba	True	4
B1016668	Una	Bower	(629) 723-9748	una.bower@gmail.com	198ab9c36fa73d883893123d5b751113	False	20
B5511047	Dylan	Mackay	(661) 978-0448	dylan.mackay@gmail.com	196f4462786a8338d28a66fcd34f5fb2	True	8
T6519398	Boris	Bower	(433) 787-8392	boris.bower@gmail.com	25b61907fe2b2bf432de792d8bf07ecf	True	24
T7571775	Steven	McDonald	(553) 699-2426	steven.mcdonald@gmail.com	daa79d6fdc9eeadc2d9800a417bbadb8	False	1
B2866929	Sophie	Watson	(426) 506-2736	sophie.watson@gmail.com	8a62c5a814aff72c7ba40dd2a8636d59	False	5
T7451713	Victor	Parr	(732) 977-4638	victor.parr@gmail.com	8d8f6f4d35ef072255a8e7d12ce95c58	True	23
B7063242	Cameron	Metcalfe	(861) 305-9132	cameron.metcalfe@gmail.com	70a398e976185ade7b8016fa0d61dcea	False	20
T6565234	Christopher	Smith	(558) 874-0873	christopher.smith@gmail.com	b7761411e804bb4c28d5bf6dd29c769f	False	17
B1463031	Richard	Butler	(832) 390-8347	richard.butler@gmail.com	8a5f8928998e129cfcd0b0daf37c169c	False	14
B8635365	Charles	Cameron	(679) 910-4065	charles.cameron@gmail.com	8ba423bc44fab3742236a835869c8d9a	True	2
T7431329	Theresa	Oliver	(587) 829-6878	theresa.oliver@gmail.com	b8e81358fc37dd6f88c369880e1d854c	False	3
B6253244	Tracey	Lee	(944) 241-5254	tracey.lee@gmail.com	e56d4b5ad6e53c389eb8d0257a507b0e	True	4
T2500292	Adam	Wilkins	(530) 276-4041	adam.wilkins@gmail.com	84fbce4e78a9bced399f41ad6bfc90af	True	16
B0676267	Tracey	Grant	(951) 409-8614	tracey.grant@gmail.com	1f0615d2995c4a03a3f6b313aaada655	False	17
B0324171	Jennifer	Glover	(265) 349-9800	jennifer.glover@gmail.com	c43ad0a6a71dc735d0d16817aaf746fc	True	12
T9986162	Ava	Murray	(754) 620-9147	ava.murray@gmail.com	f454585919cfd0bc9ca9d56718b0e6bc	True	18
T1035797	Evan	Bell	(434) 660-4172	evan.bell@gmail.com	f0761b00d26b234a06196601aca1d0d5	True	27
B9652074	Caroline	Mathis	(728) 883-5958	caroline.mathis@gmail.com	9a161df47996f901d57de7b9418908ca	True	13
T7252175	Dan	Glover	(881) 902-6364	dan.glover@gmail.com	5c84a06fe74d0ef154b37037f166535d	False	20
T1506489	Rachel	May	(577) 424-2611	rachel.may@gmail.com	53355734c6c174d1da95605b642fe6d8	True	1
B0022557	Ella	Oliver	(508) 280-1997	ella.oliver@gmail.com	650c14e19c4d1944f8eabbf078a0eb59	True	23
B9717751	Joseph	Reid	(938) 736-0399	joseph.reid@gmail.com	de0dea9c156046991459544b3bbb9142	True	20
T6978292	Carl	Paterson	(962) 263-8322	carl.paterson@gmail.com	2e7498419821e3bbc0a2b9fe090192a4	False	12
T4066658	Jacob	Graham	(541) 650-1508	jacob.graham@gmail.com	cd41bc30bebc2e855455b07d72090558	False	23
T5335554	Mary	Peake	(354) 398-4469	mary.peake@gmail.com	f2cab56976fcda8838648317d373d6f7	True	24
T6180919	Karen	Clark	(690) 875-9974	karen.clark@gmail.com	4fe8200fd70634897aa8887b02a95ec7	True	27
B9135775	Charles	Carr	(468) 673-5529	charles.carr@gmail.com	ebab72dd2813e3e8ab2663c381a476b9	True	18
T0385677	Molly	Mathis	(213) 294-6489	molly.mathis@gmail.com	b1981c1f8096e0de7f801b8e30b2590b	False	20
B6990413	Sue	Rutherford	(648) 593-6175	sue.rutherford@gmail.com	0625473844c6547255be85b53ea45983	True	15
T3009818	Nathan	Glover	(262) 754-8954	nathan.glover@gmail.com	a090786816844faa33a698f29ad824f0	False	20
T3920530	Carl	Parr	(864) 355-1031	carl.parr@gmail.com	881914771702a2f2b3217d5845beac5f	False	8
T7333433	Lily	Springer	(823) 741-5694	lily.springer@gmail.com	97730ba287b8e332de9072afce0b62c6	True	7
T6632270	Dan	Peake	(904) 233-2408	dan.peake@gmail.com	a9da82b57c27080e00d03567c967a1c9	False	15
T7800681	Leah	Henderson	(339) 631-8821	leah.henderson@gmail.com	aa27e1a5911e5ebf6c2a3393dcadb855	False	19
T8536866	Sue	Parr	(431) 711-6283	sue.parr@gmail.com	6bca07ad880375d54aaf4730bfeecd6b	False	22
T8723460	Ian	Bell	(901) 844-2989	ian.bell@gmail.com	c08968fc97b5b0c80009c472e8b61c8d	True	24
T9285574	Tim	Sharp	(737) 970-6098	tim.sharp@gmail.com	4f2dbb7aed668d43e5088480ad448cfc	False	16
T5865094	Cameron	Roberts	(300) 881-1337	cameron.roberts@gmail.com	19098896dc1994b86e16c224293ee2eb	True	2
T4888992	Edward	Burgess	(622) 776-9543	edward.burgess@gmail.com	d5e8ab578e31adb752e3b11fd3d90b19	False	14
T3769389	Jasmine	Tucker	(706) 430-3947	jasmine.tucker@gmail.com	3d378bc998a13a16458b21d2cb04a0c7	False	2
B5798123	James	Carr	(440) 885-4320	james.carr@gmail.com	83a071ad746915abc0dcabcc9f64286f	True	29
T6647423	Grace	Walsh	(404) 908-8014	grace.walsh@gmail.com	6b43a4164ec43d76a60a4361a317f49f	False	5
B0347644	Charles	Black	(734) 572-5895	charles.black@gmail.com	254368af02f60ae3d7228f34052c5925	False	13
B0777809	Kevin	Alsop	(210) 807-7108	kevin.alsop@gmail.com	2e2eeaccc90652bf83a6a0f954dad3d5	False	6
T7729343	Dylan	Grant	(866) 378-2472	dylan.grant@gmail.com	316bec78168a6b38357faaec60dac1e4	False	0
T5682996	Benjamin	Hart	(755) 932-3099	benjamin.hart@gmail.com	0f08dae866f2d2d29ef07c1569f25fa0	True	3
B3858542	Sean	Jones	(486) 386-6606	sean.jones@gmail.com	2971803e50583d98409f52b2916858d3	True	7
B6158148	Jonathan	Bell	(395) 878-1846	jonathan.bell@gmail.com	2a630b2bc996be1e77fb6d76ca94b25a	False	18
B6832723	Theresa	Welch	(212) 653-2260	theresa.welch@gmail.com	db59f69ae38be31ebc9dff16596b2513	True	29
T3718949	Benjamin	Powell	(416) 971-7434	benjamin.powell@gmail.com	5d17a50d805966676662d44c6cbc7efb	True	10
T2395041	Christopher	Simpson	(601) 608-0254	christopher.simpson@gmail.com	506df4da9582aaab77749731874eb944	False	14
T1926921	Kimberly	Churchill	(699) 578-6524	kimberly.churchill@gmail.com	d056dc4ea8104dd60e44d47327ba2f4e	False	9
B8306719	Ruth	Kelly	(855) 355-9850	ruth.kelly@gmail.com	bf4a8571942e5675d5110ae2dd846106	False	21
B7993136	Julian	Russell	(691) 752-7651	julian.russell@gmail.com	779fafd5e3358f5aee8dd61c317f7e0c	True	26
T8837340	Angela	Alsop	(282) 324-8675	angela.alsop@gmail.com	4a6b4b529077fa3d67f43e835b0ef6e2	False	25
T7762534	Lisa	McLean	(217) 748-6739	lisa.mclean@gmail.com	27dddcf2e7bccdeeb0ac3fccb54d232e	True	25
B4989319	Alexander	Mackenzie	(230) 789-1738	alexander.mackenzie@gmail.com	a9d640b872e186498c7538f70f699e35	True	29
B0468275	Katherine	Underwood	(653) 266-5736	katherine.underwood@gmail.com	ad5acd80cdae142ea5a176d92c561523	False	23
B2752088	Penelope	Cornish	(886) 911-4681	penelope.cornish@gmail.com	84d2339132fbde1725ebd8ce676baf20	True	22
B8519610	Jonathan	Metcalfe	(238) 618-5052	jonathan.metcalfe@gmail.com	d3c97cf5976e3c73880f972d0b47f22f	True	29
T5044818	Theresa	Miller	(936) 516-7821	theresa.miller@gmail.com	3b07be8c4643fce6e531bff276d3e271	True	20
T6110760	Virginia	Clarkson	(302) 463-1775	virginia.clarkson@gmail.com	1a68d4bcf91ead9e0b7cd6d4bc9c39e9	False	1
T8275480	Neil	Scott	(793) 572-5889	neil.scott@gmail.com	d7efbd279203a59cffde72252825a6f4	False	15
T1477320	Evan	Powell	(393) 777-3080	evan.powell@gmail.com	9eebdaba23628a0a0dac060bef55d742	True	1
B5616556	Neil	Anderson	(524) 603-1576	neil.anderson@gmail.com	6636447621435ae1e5fb1b6747c3770e	False	21
B7820829	Madeleine	Peake	(922) 414-1386	madeleine.peake@gmail.com	838ce2519f3190105b48e50588b6b61a	False	21
T6516231	Peter	Murray	(437) 253-4572	peter.murray@gmail.com	05a0bce36c6486cfde6092d216000263	True	21
B6041776	Donna	Coleman	(918) 511-5019	donna.coleman@gmail.com	ceb3112b4dea5181c52e56c26ae61a3a	True	13
B7713334	Boris	Quinn	(956) 657-9655	boris.quinn@gmail.com	166810d1b323e6a1ec8aeeef7ff79ddc	True	15
B6449485	Maria	Davidson	(458) 887-1278	maria.davidson@gmail.com	297e888e4ebd6ce23caf27697dec40eb	True	5
B5201777	Faith	Robertson	(778) 254-1461	faith.robertson@gmail.com	230c4d0352ba13c9b8a6738f833d67d0	True	21
B7617422	Karen	Jones	(952) 618-1295	karen.jones@gmail.com	0152a6696f073862e711230d5606698f	True	7
B8314727	John	Burgess	(294) 914-9430	john.burgess@gmail.com	22636f4c163cd371666db0e127c6a844	False	3
T2934172	Wanda	Poole	(800) 501-3777	wanda.poole@gmail.com	668bb0828e64ef32cc85a19066fdb7db	False	5
B3754821	Virginia	Johnston	(737) 791-4028	virginia.johnston@gmail.com	ab734bdab52aed4e971f2d85401577ef	False	22
T5200894	Lily	Davidson	(882) 399-2632	lily.davidson@gmail.com	340b7a2953e5027a5d9ea974640cbaee	True	24
T2881377	Lauren	Avery	(583) 674-9882	lauren.avery@gmail.com	f643a8201514ba8a13018e07fcbe092f	True	5
T9837801	Emma	Robertson	(532) 952-8667	emma.robertson@gmail.com	b7598a8754d90724f8d9c28d050fa2d5	True	0
B4891382	Anna	Howard	(377) 330-1934	anna.howard@gmail.com	8a1294d2057e01f07e8afc175c3308c0	True	13
T2687681	Phil	Murray	(872) 618-3411	phil.murray@gmail.com	f6101af8891427c7b2346c28e9698770	True	0
T8948706	Harry	Greene	(935) 518-2114	harry.greene@gmail.com	c05243663b3f39c4a5f57048d5bd2101	True	30
B0065120	Dominic	McGrath	(548) 611-6100	dominic.mcgrath@gmail.com	5dfb7c7fa1befd411cdbdef80c9a3c7c	False	9
B0653331	Deirdre	Burgess	(817) 806-2276	deirdre.burgess@gmail.com	3592e9dfa95e93aa7c44d9b9dcd4e910	False	21
B1026153	Ryan	Parsons	(344) 358-0571	ryan.parsons@gmail.com	b2b18030c31309f823f3a71b18a73e8b	False	7
B2548121	Jacob	Ferguson	(336) 513-3693	jacob.ferguson@gmail.com	f0ceb558237d477fdc379d720c2aa9f5	False	16
B6637780	Leonard	McLean	(942) 639-9967	leonard.mclean@gmail.com	3b71561b30c2d30f517565f332640aed	False	18
B7299493	Anthony	Berry	(532) 257-2572	anthony.berry@gmail.com	bf5e6e92cc7b9160d10187b60dd6545a	False	6
T1837274	William	Springer	(251) 794-7357	william.springer@gmail.com	e11f967cfa1c793397612a3bd950bf83	False	26
T5206506	Boris	Mackenzie	(468) 210-0515	boris.mackenzie@gmail.com	378f4a6de3972752dc07af1c11a1c5ca	False	7
B3803396	Stewart	Graham	(663) 314-4211	stewart.graham@gmail.com	b04c0d5bdd13a1dba3d1ddc8921db693	False	14
B7666567	Caroline	Allan	(202) 239-9562	caroline.allan@gmail.com	8effff2ee5abf8b50a7530c6ea5353ef	True	18
T5223728	David	Baker	(981) 857-1112	david.baker@gmail.com	b61df1012b3eed199d58812c7d8eb41c	False	18
B7620918	Jasmine	Gill	(254) 261-7614	jasmine.gill@gmail.com	e513dbafc68b8fd4969d020aad2b2dd1	True	22
B7153991	John	Hughes	(990) 350-8053	john.hughes@gmail.com	d24e6fb5dc6500cfef2723f4066f9223	False	29
B2086567	Owen	Stewart	(412) 281-7260	owen.stewart@gmail.com	77c39068f5788cfb48ef1f2899790daa	True	12
T9997419	Sally	Randall	(558) 391-4478	sally.randall@gmail.com	94b986f7526040da9aacfeb988c8125b	False	15
B9839542	Sophie	MacLeod	(257) 523-9979	sophie.macleod@gmail.com	c19aaa4d8c8c373425513b8a214cc8be	False	17
T4053967	Heather	Taylor	(521) 297-1131	heather.taylor@gmail.com	7b1c0c4e74a138a5ab59a6952298010b	False	11
T6762515	Liam	Paige	(988) 808-1636	liam.paige@gmail.com	5a12b8e4c3d4f769fbe659eb293d5ac5	True	17
B5023741	Paul	Mackay	(715) 209-1398	paul.mackay@gmail.com	ee75ab4601620f69b39492d54235995b	False	17
T5635020	Joe	Paterson	(332) 969-4248	joe.paterson@gmail.com	d40c503df04b8e0e91c963e9b8de0844	False	21
B3678812	Simon	Roberts	(748) 663-1175	simon.roberts@gmail.com	94466fce05592b58dc9ab3d378eda4e0	True	16
B4983735	Lillian	Robertson	(996) 584-8531	lillian.robertson@gmail.com	2073027cd392235d457dcc0ea777ae35	False	18
B8513279	Ava	Mackenzie	(379) 631-4636	ava.mackenzie@gmail.com	6e0520d6b37e52852aa40b376ba086ce	True	5
T7119642	Karen	Mackenzie	(618) 373-5102	karen.mackenzie@gmail.com	2ce690f849e5af877a5d0a4b163f51f7	False	4
B6227284	Stephen	Russell	(662) 523-1315	stephen.russell@gmail.com	51d9adb0e0151a1b6f5a2265f461e642	False	23
T4383034	Adrian	James	(263) 224-8730	adrian.james@gmail.com	0d7611ca921056a7d0461bbaa1160aa4	True	18
B1127474	Brian	Mitchell	(980) 913-8250	brian.mitchell@gmail.com	e8ee8120264eec1439e6c57f170bc363	True	29
B3590960	Thomas	Clarkson	(264) 389-1320	thomas.clarkson@gmail.com	f7768cbe28c8bad8082ef5d28156e83a	True	13
T2963533	Amanda	Lawrence	(874) 678-3079	amanda.lawrence@gmail.com	0e0c7b3eaa8eb0db208fd89681c5e006	False	26
B3060002	Joshua	Harris	(282) 872-4176	joshua.harris@gmail.com	a0483e0abb97428e8b5d91e7fc59422c	True	26
T2091179	Mary	Ince	(915) 222-1578	mary.ince@gmail.com	f72d0640f431dd6da5582429de9022a9	False	4
T4619942	Gavin	Metcalfe	(615) 935-5454	gavin.metcalfe@gmail.com	74a8b804314977061777fc2f10f3a82a	True	23
T2959639	Max	Jones	(285) 517-7215	max.jones@gmail.com	f8b69f6144b659302b784ac2d3fce1fe	False	0
B5731441	Audrey	Smith	(759) 439-2599	audrey.smith@gmail.com	ffb191db9a82280101cce469fc6730df	True	26
B4510663	Ryan	Piper	(697) 771-5484	ryan.piper@gmail.com	d3b773063dd6b41e3c585f6c56207b9e	False	12
T7100943	Elizabeth	Bell	(390) 318-7737	elizabeth.bell@gmail.com	90f9c7ae72032a95d9f0de34f32dd444	True	4
T0703491	Bella	Vance	(208) 905-4518	bella.vance@gmail.com	dc91c4e7a8c4d65e632f0d3f7719e341	False	9
B6129439	Jasmine	Berry	(946) 928-8817	jasmine.berry@gmail.com	d2d82a7db6b051e1d1a81cec386b4509	False	19
T9162022	Carl	Alsop	(575) 636-7411	carl.alsop@gmail.com	af6ef26062ac5ed0e62d4ed0453887a0	False	16
B7753312	Matt	Hunter	(773) 356-8980	matt.hunter@gmail.com	09ee6fa90e9045540cd9c4458a177d23	True	13
B9128411	Felicity	Henderson	(655) 747-5224	felicity.henderson@gmail.com	18d5e8ad9b3c2dd7d12d6e388061f4c3	False	1
B8960870	Justin	Bower	(294) 240-6286	justin.bower@gmail.com	940445139a615f457164ca2921bf7093	True	12
T5697413	Sam	Springer	(399) 434-4783	sam.springer@gmail.com	e278fba1b2da5a924a9a78f106ee1eec	True	16
B3204413	Rebecca	Fraser	(395) 764-7824	rebecca.fraser@gmail.com	d17bdad62b5fadee56a3d7e68ff627e5	False	18
B7181335	Amelia	Chapman	(546) 853-2140	amelia.chapman@gmail.com	40e72966e2cbac930a1ac883415b5c0d	True	26
T5881579	Amelia	Parr	(744) 619-8669	amelia.parr@gmail.com	ae85d302beb8a79234f4626bedc66dbb	False	25
T9413475	Melanie	North	(394) 711-0600	melanie.north@gmail.com	7c59c252d90dd44e9c3d26dbe13b6760	True	16
B8150618	Dan	Lambert	(440) 376-0799	dan.lambert@gmail.com	c4ab56131ceb0bdc33281a95c834c68e	False	26
B2779630	Karen	Slater	(220) 736-8304	karen.slater@gmail.com	d46596c51e98291a4f82764bf38a35eb	False	16
T0081867	Luke	Kerr	(201) 439-9949	luke.kerr@gmail.com	3f1cb9f66e77c0d3211b7ebcb243098f	False	9
T9312697	Lucas	Butler	(730) 533-2266	lucas.butler@gmail.com	e7cc7165585511b2a4f80d29491feafc	False	24
B5622710	Gordon	Smith	(570) 771-9237	gordon.smith@gmail.com	2218708c830afcb59ae489779a7e7dcf	True	6
B5102876	Frank	Scott	(385) 482-0110	frank.scott@gmail.com	46d4431f7ac412412aeac301cc715cda	False	9
T1050922	David	Thomson	(929) 985-3830	david.thomson@gmail.com	bab76b87ea773c766929c96fb0cbbc05	False	13
B2035713	Robert	Newman	(409) 559-7270	robert.newman@gmail.com	61acfa4da1d7a8af9a8856d6aa7f4601	True	21
B2079799	Jonathan	Wilkins	(915) 704-9014	jonathan.wilkins@gmail.com	dbdad7ae95720ce519fe75f28abae1c5	True	12
B1625265	Phil	MacLeod	(504) 717-4440	phil.macleod@gmail.com	0aab85f37084272cec87216bfb9d0dbc	True	21
B5758512	Sam	Sutherland	(704) 903-9869	sam.sutherland@gmail.com	18563e1de7324d532ad25e0a69e4c6d8	True	24
T6139449	Max	King	(899) 332-8944	max.king@gmail.com	3fd7cd7eb576c25484a05dc11823e348	True	25
B1785138	David	Wallace	(456) 655-0668	david.wallace@gmail.com	d08a8f484f2d07338179829e7a5839da	False	9
B3299819	Kimberly	Watson	(732) 712-9032	kimberly.watson@gmail.com	4b6036a2e9579c12adaf46d50eb5ec8a	True	0
B5652373	Joan	Churchill	(379) 989-7549	joan.churchill@gmail.com	28611b6f70e7632f76ad979c31deb9ba	False	10
T1357790	Deirdre	Fraser	(549) 483-6962	deirdre.fraser@gmail.com	a33012e7f6c8b9e1ba25a6348c5b49d3	True	6
T8939749	Matt	Piper	(576) 309-4545	matt.piper@gmail.com	a26bf2a10fc50d4ba826fa573b239041	True	13
B4347452	Peter	Gray	(560) 711-5292	peter.gray@gmail.com	7c72cbf5e109336ebff93f823bd54121	False	23
B7215622	Sophie	Harris	(872) 720-7617	sophie.harris@gmail.com	a11765f44355f4f645eeffac6b21c6f1	True	6
B9793164	Sophie	Avery	(946) 378-9319	sophie.avery@gmail.com	744c2232c78991b32e6cb005728c244c	False	28
T2898123	Nicholas	Mills	(881) 211-8064	nicholas.mills@gmail.com	750439ea75a4edfcd5018f8cd45a2d37	True	15
T4654950	Diana	Stewart	(929) 888-3551	diana.stewart@gmail.com	872d27d00f9cb4f5561a2333f029c0d1	False	0
B3265097	Sue	Tucker	(939) 252-3166	sue.tucker@gmail.com	1051b26cdf94b954f2b4ced2732b015a	True	11
T2521293	Victor	Anderson	(530) 283-5756	victor.anderson@gmail.com	c0d783beb2fcea337ca903336bde28b1	True	30
B7438119	Emily	Wallace	(754) 469-6838	emily.wallace@gmail.com	70a8c2b749c31e7d607be23bcb8caa06	False	27
T3470574	Una	Dyer	(704) 711-4432	una.dyer@gmail.com	53dd2eed41fd47e7bbbfac2b727634c7	False	17
T4991537	Nathan	North	(677) 943-9943	nathan.north@gmail.com	44eb57a375a92a38b74116d6cbe8b88f	False	17
T7977961	Dan	Baker	(825) 761-8641	dan.baker@gmail.com	ec76de76216befaa1e5986098be2d200	False	17
T6471246	Carol	Clark	(703) 338-1593	carol.clark@gmail.com	1b52e19ada59834b2daf73e7f99f0a98	False	11
B7918158	Kevin	Parr	(509) 908-2937	kevin.parr@gmail.com	4f28847b1536dbab0a7ca78c22a3b383	True	17
T3990063	Natalie	Edmunds	(545) 840-4132	natalie.edmunds@gmail.com	52c4e14f2ddb12a41260440d93ceb255	True	9
B0771130	Victoria	Bower	(854) 726-8086	victoria.bower@gmail.com	0540cd7778d378838ccc5d89857eb47f	False	2
T0691309	Bella	Watson	(300) 350-8896	bella.watson@gmail.com	b00bd2f13ec1520f398f4b061908351d	False	20
T7865436	Stewart	Terry	(946) 737-5548	stewart.terry@gmail.com	bb6c4fd6f1db33d7688f622295ace86d	False	3
T5959775	Caroline	Bailey	(222) 968-7290	caroline.bailey@gmail.com	0afb301add7292c08a888aed14ea9444	False	9
B4476504	Jonathan	Blake	(654) 277-7654	jonathan.blake@gmail.com	ff4b1458f3eb32b264648e3fe30d7ea6	True	2
B2312110	Richard	Reid	(452) 227-1827	richard.reid@gmail.com	287981bbef5ca344eae519d37c660853	True	21
T5757475	Michelle	Skinner	(932) 732-5769	michelle.skinner@gmail.com	627962a5385c1693a6f29cd0dd87f3e3	False	18
B9192845	Peter	Henderson	(619) 535-6390	peter.henderson@gmail.com	b2b98ea99d1a2544f21d0078034fdd57	True	22
B3991403	Jennifer	Thomson	(474) 794-1932	jennifer.thomson@gmail.com	3d8aac1a0765be23839c7d17dee0e38e	False	25
T8027112	Claire	McDonald	(298) 895-8723	claire.mcdonald@gmail.com	107aced42bbb3f53660e9bf7c117e8cf	False	16
B3945354	Deirdre	Wilkins	(713) 224-0761	deirdre.wilkins@gmail.com	5f17f8f0f30984eb527810216a778e9a	False	20
T2473107	Jonathan	Murray	(886) 584-5097	jonathan.murray@gmail.com	eaf7d872c14e7ffa9dfbffe3b224dfd6	False	3
B7865619	Jessica	Peters	(791) 206-1350	jessica.peters@gmail.com	eebd7fd07dcb622a944e5f9eb38bbcd0	True	4
B1147165	Warren	Roberts	(430) 369-7903	warren.roberts@gmail.com	5d86a82a11c8f4ac25714e062c1abf80	False	22
B8718274	Carolyn	Nolan	(610) 504-2920	carolyn.nolan@gmail.com	f0c08d57054b9c61a4753248f757575a	True	29
T7129618	Victor	Campbell	(839) 834-2646	victor.campbell@gmail.com	541a6c32d6b5a4128db930ae895e27c3	False	6
B7548954	Owen	Mackay	(463) 473-8822	owen.mackay@gmail.com	1b7df72c0e193af7410f722d3707921e	True	15
B0134778	Justin	Metcalfe	(933) 951-1975	justin.metcalfe@gmail.com	af72016c75aab8987459d57ac21254f0	True	18
T3311677	Lauren	Rampling	(790) 397-4775	lauren.rampling@gmail.com	b13b4374be3e0b1b6e33d3fcbde0437a	True	28
T1219804	Michelle	Sutherland	(963) 470-9398	michelle.sutherland@gmail.com	2548b4043bd9ca52e947cf4629d946db	True	29
T7372132	Lillian	Vaughan	(563) 711-6052	lillian.vaughan@gmail.com	69827514c58063bddb11b9f8579a5b30	False	12
B6194588	Peter	Hart	(290) 602-4889	peter.hart@gmail.com	361316c4df3fadc88b13e87756077eb5	False	29
T3012047	Ruth	Payne	(996) 233-7201	ruth.payne@gmail.com	b1e483727b2ba8de91dfde2de45b60f6	False	14
B5066626	Ruth	Mitchell	(630) 692-2062	ruth.mitchell@gmail.com	5e78c8bfcb62ece790666f21b52c48d2	True	0
T7934065	Gavin	Ferguson	(486) 661-9618	gavin.ferguson@gmail.com	063e0ee42c05d523b365fa31c10c3e98	True	15
T9743260	Luke	Hill	(393) 309-9494	luke.hill@gmail.com	470a249112d525802e776fc5fa5d3c77	True	11
B4907938	Jan	Martin	(637) 959-9347	jan.martin@gmail.com	5d489b7418e6c745ef913e6f25d86740	True	3
T9112252	Alan	Dowd	(544) 557-4745	alan.dowd@gmail.com	24b72268caa367431ecfc939f49c8b10	False	29
B0424624	James	Piper	(880) 620-3298	james.piper@gmail.com	a5e4dd9824e2ac2873ab27fe26e0d479	True	13
T1073228	Jacob	Springer	(947) 774-1249	jacob.springer@gmail.com	990b97606a35efc2e624a2c7a311b3b6	True	13
B7221556	Michael	Jones	(394) 378-5115	michael.jones@gmail.com	24683bd95ae742e45f1792fcff4de9bc	True	16
T8998278	Richard	Hudson	(393) 305-2203	richard.hudson@gmail.com	3642705428a0b1dd24d6dc1450c74d66	False	30
B4096149	Ruth	Brown	(392) 709-1704	ruth.brown@gmail.com	c820cbe6016faf6a60325cd4e73767a5	True	6
T2760250	Steven	Ferguson	(478) 364-9880	steven.ferguson@gmail.com	0f807e34d21f6f7c329f6e2e384ab435	True	26
T1388158	Kylie	Fraser	(368) 418-4397	kylie.fraser@gmail.com	d3769a356210609076c4f2882579d50c	False	8
B8299874	Neil	Ince	(767) 737-6257	neil.ince@gmail.com	6747d103cf9eeee1fd6904d5e2a61578	True	29
B2877383	Evan	Lewis	(926) 204-2873	evan.lewis@gmail.com	b0f46a23c890181a775f70fb2593e1f0	True	24
T9050404	Victoria	Manning	(551) 897-8060	victoria.manning@gmail.com	66a64716386bf6f12226fafd96603323	False	29
T7449160	Alexandra	Morrison	(607) 378-8678	alexandra.morrison@gmail.com	9c326053d8f2cb61a1ab454eeba7d119	False	11
T8112600	Boris	Gibson	(398) 391-9734	boris.gibson@gmail.com	5bc11557e56ac305cedbc9101414ae7d	True	1
T4920749	Tim	Graham	(593) 958-1844	tim.graham@gmail.com	f49544144c52e8522d44444f1bbb7580	False	24
T6129965	Dan	Burgess	(956) 620-4437	dan.burgess@gmail.com	fd06166b65f8f15c3b79c3e032320b4a	True	25
T9414915	Jason	Underwood	(251) 485-1750	jason.underwood@gmail.com	6ce15845642cb744cd64447d9b1d900b	False	13
T0321192	Charles	Buckland	(940) 423-2769	charles.buckland@gmail.com	d6050c2403c5177931196529fe3c4c18	False	3
B1828560	Kevin	Morrison	(960) 338-0633	kevin.morrison@gmail.com	3bb9c2ef265a3ca6aed022cff3c9d8a8	False	18
B5093869	Joe	Reid	(262) 517-3213	joe.reid@gmail.com	33b33582d8348d5549f35bade101cd2e	True	9
B6235040	Katherine	Smith	(371) 850-9892	katherine.smith@gmail.com	f26e6991af9b452eb9c0bdf60f8c09cf	True	12
T3818655	Trevor	Peake	(394) 802-3727	trevor.peake@gmail.com	9a3d46f331c3886c2f9cf25cd62d64da	True	20
T0942141	Justin	Powell	(846) 402-9708	justin.powell@gmail.com	bdd2ab694717ca8ac5cb4011486c3176	True	11
T1650200	Jonathan	Slater	(299) 555-3156	jonathan.slater@gmail.com	ec76c01d7f7b5a919f655ae1facaf2d4	False	25
T8328123	Wendy	Berry	(252) 455-3889	wendy.berry@gmail.com	9eb7cda1e19eff53610d2c076f91d543	False	6
T7217337	Sally	James	(966) 424-2275	sally.james@gmail.com	5ee463c20242184741ebfb1accbf3d26	True	18
T5397871	Connor	Vaughan	(423) 737-0037	connor.vaughan@gmail.com	4bf8aa422f41995b8e27880aca776ede	False	22
T1912602	Tim	Russell	(780) 954-1613	tim.russell@gmail.com	2eba126898f4e9ebba9dbee49a75e047	False	6
T6103995	Victor	Bell	(383) 328-5559	victor.bell@gmail.com	f326f921ee5cbb2de8b52e136544736d	True	22
B3010956	Blake	Ferguson	(814) 648-6842	blake.ferguson@gmail.com	3a2ac1ebfa7df61c88cff0a19882411a	True	29
B9625885	Ruth	Manning	(404) 231-0171	ruth.manning@gmail.com	2c2cf5a93e3024e159c6a6647a0ceb64	False	22
B3137971	Victor	Smith	(812) 684-3460	victor.smith@gmail.com	e692beb5bd86b756056f67023421534b	False	19
